{"_runtime":16,"val_acc":0.9338333333333333,"train_acc":0.9348703703703704,"_wandb":{"runtime":16},"overfitting_gap":0.047139625206034846,"accuracy_gap":0.0010370370370370585,"_step":3,"train_f1":0.9340592038328065,"_timestamp":1.7728287980743148e+09,"epoch":2,"val_f1":0.9323349642077859,"best_val_acc_so_far":0.9338333333333333,"train_loss":0.2623679529515937,"val_loss":0,"f1_gap":0.0017242396250205516,"best_val_loss_so_far":0.21522832774555886,"best_val_f1_so_far":0.9323349642077859}