{"train_acc":0.9698148148148148,"best_val_acc_so_far":0.9653333333333334,"val_f1":0.9650479537623997,"accuracy_gap":0.00448148148148142,"val_acc":0.9653333333333334,"overfitting_gap":0.007865201625533287,"best_val_f1_so_far":0.9650479537623997,"epoch":1,"f1_gap":0.004578543127841117,"_step":1,"_wandb":{"runtime":7},"_timestamp":1.772827390714673e+09,"val_loss":0,"train_f1":0.9696264968902408,"train_loss":0.01538473408732701,"best_val_loss_so_far":0.007519532461793724,"_runtime":7}