{"best_val_loss_so_far":0.004754767654052812,"overfitting_gap":0.0012113049979231095,"_timestamp":1.772827897982622e+09,"train_f1":0.9809090795288646,"f1_gap":0.006177230325404182,"val_acc":0.975,"val_f1":0.9747318492034605,"best_val_acc_so_far":0.975,"train_loss":0.005966072651975921,"epoch":2,"best_val_f1_so_far":0.9747318492034605,"accuracy_gap":0.006037037037037063,"train_acc":0.981037037037037,"_step":3,"_wandb":{"runtime":19},"val_loss":0,"_runtime":19}