{"best_val_f1_overall":0.9804122369736039,"final_test_acc":0.9761,"_wandb":{"runtime":242},"final_train_loss":0.0012126422448003405,"overfitting_gap":-0.20400476575463497,"best_val_f1":0.9804122369736039,"best_val_f1_so_far":0.9804122369736039,"best_run_id":"zufrsxca","final_test_loss":0.1883078456978167,"final_val_acc":0.9756666666666667,"final_train_acc":0.9992962962962963,"train_loss":0.0012126422448003405,"best_test_f1_for_best_val":0.9758399206446319,"final_val_f1":0.9752474958962729,"epoch":50,"final_val_loss":0.2052174079994353,"final_test_f1":0.9758399206446319,"accuracy_gap":0.023629629629629667,"_timestamp":1.7728320056361217e+09,"best_val_acc":0.9806666666666667,"final_train_f1":0.999276528895904,"f1_gap":0.024029032999631106,"convergence_epoch":21,"val_acc":0.9756666666666667,"best_val_loss":0.08185846341106547,"train_f1":0.999276528895904,"val_loss":0,"best_val_acc_so_far":0.9806666666666667,"val_f1":0.9752474958962729,"_step":100,"final_overfitting_gap":-0.20400476575463497,"train_acc":0.9992962962962963,"_runtime":242,"best_val_loss_so_far":0.08185846341106547}