{"val_acc":0.979,"convergence_epoch":19,"best_val_loss_so_far":0.08048827031665684,"final_test_f1":0.9756661076111787,"final_train_acc":0.9966111111111111,"final_val_acc":0.979,"final_val_f1":0.9788210982148424,"train_f1":0.9966030783940161,"best_val_acc_so_far":0.9796666666666667,"final_val_loss":0.0821047309488085,"_wandb":{"runtime":174},"final_train_f1":0.9966030783940161,"train_acc":0.9966111111111111,"best_val_f1_overall":0.979419735061448,"final_train_loss":0.021727641838780468,"final_overfitting_gap":-0.06037708911002804,"best_val_f1_so_far":0.979419735061448,"best_run_id":"4xi2e3l1","epoch":20,"_step":40,"accuracy_gap":0.017611111111111133,"final_test_loss":0.08983400690928692,"overfitting_gap":-0.06037708911002804,"_runtime":174,"_timestamp":1.772829026057421e+09,"best_val_f1":0.979419735061448,"val_f1":0.9788210982148424,"best_test_f1_for_best_val":0.9756661076111787,"train_loss":0.021727641838780468,"best_val_loss":0.08048827031665684,"f1_gap":0.01778198017917365,"final_test_acc":0.9759,"val_loss":0,"best_val_acc":0.9796666666666667}